Country Name,CountryCode,ROL2015,ROL2016,ROL2017,ROL2018,ROL2019,COC2015,COC2016,COC2017,COC2018,COC2019,GE2015,GE2016,GE2017,GE2018,GE2019,Rank2015,Rank2016,Rank2017,Rank2018,Rank2019,Diff1516,DiffCoded1516,Diff1617,DiffCoded1617,Diff1718,DiffCoded1718,Diff1819,DiffCoded1819
Afghanistan,AFG,3.365385,5.769231,4.807693,4.326923,4.326923,6.25,3.365385,3.846154,4.326923,6.730769,8.173077,9.615385,9.134615,7.692307,7.211538,5.929487333,6.250000333,5.929487333,5.448717667,6.089743333,0.320513,1,-0.320513,0,-0.480769666,0,0.641025666,1
Albania,ALB,44.23077,41.82692,38.94231,38.94231,38.94231,38.46154,40.86538,42.30769,35.09615,33.17308,53.84615,52.88462,55.76923,57.69231,50.48077,45.51282,45.19230667,45.67307667,43.91025667,40.86538667,-0.32051333,0,0.48077,1,-1.76282,0,-3.04487,0
Algeria,DZA,19.23077,18.75,19.23077,22.11539,20.67308,29.80769,27.88461,30.28846,28.36539,29.32692,35.57692,35.57692,30.76923,37.01923,33.65385,28.20512667,27.40384333,26.76282,29.16667,27.88461667,-0.80128334,0,-0.64102333,0,2.40385,1,-1.28205333,0
American Samoa,ASM,87.98077,87.98077,88.46154,87.98077,87.98077,87.01923,87.5,93.75,94.71154,94.71154,70.19231,71.63461,71.15385,72.59615,72.59615,81.73077,82.37179333,84.45513,85.09615333,85.09615333,0.64102333,1,2.08333667,1,0.64102333,1,0,1
Andorra,AND,89.90385,90.86539,90.38461,90.86539,90.86539,87.01923,87.5,86.53846,86.53846,87.5,95.67308,98.07692,98.55769,98.55769,98.07692,90.86538667,92.14743667,91.82692,91.98718,92.14743667,1.28205,1,-0.32051667,0,0.16026,1,0.16025667,1
Angola,AGO,12.5,12.5,11.53846,14.42308,13.46154,3.846154,5.769231,6.25,11.53846,13.94231,15.38461,13.46154,14.90385,13.94231,12.98077,10.57692133,10.57692367,10.89743667,13.30128333,13.46154,2.34E-06,1,0.320513,1,2.40384666,1,0.16025667,1
Anguilla,AIA,56.73077,51.92308,51.44231,51.44231,63.46154,87.01923,87.5,86.53846,86.53846,87.5,79.32692,87.98077,76.44231,76.44231,76.44231,74.35897333,75.80128333,71.47436,71.47436,75.80128333,1.44231,1,-4.32692333,0,0,1,4.32692333,1
Antigua and Barbuda,ATG,70.67308,70.19231,66.82692,66.34615,65.38461,75.48077,74.51923,62.98077,63.46154,63.46154,62.5,64.42308,53.84615,52.88462,51.92308,69.55128333,69.71154,61.21794667,60.89743667,60.25641,0.16025667,1,-8.49359333,0,-0.32051,0,-0.64102667,0
Argentina,ARG,24.03846,37.5,46.15385,45.67308,37.01923,33.65385,47.11538,47.59615,55.28846,53.36538,50,60.09615,58.65385,54.80769,49.03846,35.89743667,48.23717667,50.80128333,51.92307667,46.47435667,12.33974,1,2.56410666,1,1.12179334,1,-5.44872,0
Armenia,ARM,41.34615,50.48077,49.51923,48.55769,49.03846,35.09615,32.69231,32.69231,42.78846,50,48.55769,49.03846,49.51923,51.44231,50,41.66666333,44.07051333,43.91025667,47.59615333,49.67948667,2.40385,1,-0.16025666,0,3.68589666,1,2.08333334,1
Aruba,ABW,85.57692,87.01923,87.01923,87.01923,86.53846,88.46154,89.42308,87.98077,87.01923,85.09615,76.44231,76.44231,79.32692,80.28846,80.28846,83.49359,84.29487333,84.77564,84.77564,83.97435667,0.80128333,1,0.48076667,1,0,1,-0.80128333,0
Australia,AUS,94.71154,94.71154,93.26923,92.78846,93.26923,94.23077,93.26923,92.78846,92.78846,94.23077,92.30769,92.30769,92.30769,92.78846,92.78846,93.75,93.42948667,92.78846,92.78846,93.42948667,-0.32051333,0,-0.64102667,0,0,1,0.64102667,1
Austria,AUT,96.15385,95.67308,96.15385,97.59615,97.11539,90.86539,91.34615,90.86539,91.34615,90.86539,90.38461,91.82692,91.82692,90.86539,91.82692,92.46795,92.94871667,92.94872,93.26923,93.26923333,0.48076667,1,3.33E-06,1,0.32051,1,3.33E-06,1
Azerbaijan,AZE,30.28846,32.21154,32.21154,29.32692,30.28846,16.82692,19.23077,17.78846,21.63461,19.71154,44.71154,48.07692,47.59615,49.03846,46.15385,30.60897333,33.17307667,32.53205,33.33333,32.05128333,2.56410334,1,-0.64102667,0,0.80128,1,-1.28204667,0
"Bahamas, The",BHS,72.59615,60.57692,60.09615,57.21154,56.73077,83.17308,81.73077,83.65385,83.17308,84.13461,73.55769,74.03846,72.59615,71.63461,69.71154,76.44230667,72.11538333,72.11538333,70.67307667,70.19230667,-4.32692334,0,0,1,-1.44230666,0,-0.48077,0
Bahrain,BHR,67.30769,67.30769,67.30769,65.86539,68.75,61.05769,57.69231,51.92308,51.44231,56.73077,73.07692,65.86539,61.05769,59.61538,63.94231,67.14743333,63.62179667,60.09615333,58.97436,63.14102667,-3.52563666,0,-3.52564334,0,-1.12179333,0,4.16666667,1
Bangladesh,BGD,25.96154,27.88461,28.36539,27.88461,27.88461,22.11539,18.75,19.23077,16.82692,16.34615,24.03846,25.48077,22.11539,21.63461,23.55769,24.03846333,24.03846,23.23718333,22.11538,22.59615,-3.33E-06,0,-0.80127667,0,-1.12180333,0,0.48077,1
Barbados,BRB,82.21154,77.40385,75.48077,65.38461,63.94231,90.38461,87.98077,89.42308,88.94231,88.46154,80.28846,81.73077,77.40385,68.75,73.55769,84.29487,82.37179667,80.76923333,74.35897333,75.32051333,-1.92307333,0,-1.60256334,0,-6.41026,0,0.96154,1
Belarus,BLR,22.59615,26.44231,21.63461,19.23077,21.63461,46.63462,48.55769,47.11538,49.03846,53.84615,37.98077,36.05769,39.42308,40.38462,44.23077,35.73718,37.01923,36.05769,36.21795,39.90384333,1.28205,1,-0.96154,0,0.16026,1,3.68589333,1
Belgium,BEL,88.94231,88.46154,87.5,88.46154,88.46154,91.82692,92.78846,89.90385,90.38461,91.34615,88.94231,86.53846,85.09615,83.65385,80.76923,89.90384667,89.26282,87.5,87.5,86.85897333,-0.64102667,0,-1.76282,0,0,1,-0.64102667,0
Belize,BLZ,27.88461,18.26923,15.86539,20.19231,22.11539,51.92308,49.51923,45.67308,51.92308,48.55769,25.96154,25.96154,27.40385,30.28846,26.92308,35.25641,31.25,29.64744,34.13461667,32.53205333,-4.00641,0,-1.60256,0,4.48717667,1,-1.60256334,0
Benin,BEN,33.65385,30.76923,30.28846,26.92308,26.92308,33.17308,34.13462,33.65385,41.34615,42.78846,30.28846,33.65385,25.96154,32.69231,36.05769,32.37179667,32.85256667,29.96795,33.65384667,35.25641,0.48077,1,-2.88461667,0,3.68589667,1,1.60256333,1
Bermuda,BMU,78.84615,79.80769,79.32692,78.84615,78.84615,87.01923,87.5,86.53846,86.53846,87.5,79.32692,87.98077,89.90385,88.94231,87.98077,81.73076667,85.09615333,85.25641,84.77564,84.77564,3.36538666,1,0.16025667,1,-0.48077,0,0,1
Bhutan,BTN,70.19231,68.75,74.03846,71.15385,72.59615,82.21154,82.21154,91.82692,91.82692,91.82692,67.78846,70.19231,71.63461,67.30769,64.90385,73.39743667,73.71795,79.16666333,76.76282,76.44230667,0.32051333,1,5.44871333,1,-2.40384333,0,-0.32051333,0
Bolivia,BOL,10.57692,9.615385,9.615385,9.615385,11.05769,26.92308,25,28.36539,28.84615,25.96154,29.32692,33.17308,37.98077,39.90385,24.51923,22.27564,22.596155,25.320515,26.121795,20.51282,0.320515,1,2.72436,1,0.80128,1,-5.608975,0
Bosnia and Herzegovina,BIH,46.15385,46.15385,47.11538,46.15385,46.63462,43.26923,37.01923,37.01923,31.25,30.28846,33.17308,39.42308,34.61538,28.36539,28.84615,40.86538667,40.86538667,39.58333,35.25641333,35.25641,0,1,-1.28205667,0,-4.32691667,0,-3.33E-06,0
Botswana,BWA,72.11539,71.15385,69.23077,68.75,69.23077,77.40385,80.76923,78.84615,77.88461,75.48077,71.15385,71.15385,68.75,65.38461,68.26923,73.55769667,74.35897667,72.27564,70.67307333,70.99359,0.80128,1,-2.08333667,0,-1.60256667,0,0.32051667,1
Brazil,BRA,51.44231,49.03846,43.26923,44.71154,47.59615,42.78846,42.78846,36.05769,40.38462,42.30769,48.07692,46.63462,41.82692,36.05769,43.75,47.43589667,46.15384667,40.38461333,40.38461667,44.55128,-1.28205,0,-5.76923334,0,3.34E-06,1,4.16666333,1
Brunei Darussalam,BRN,66.82692,71.63461,74.51923,74.51923,74.03846,69.23077,70.19231,75,79.80769,78.36539,82.21154,82.21154,84.13461,87.01923,87.01923,72.75641,74.67948667,77.88461333,80.44871667,79.80769333,1.92307667,1,3.20512666,1,2.56410334,1,-0.64102334,0
Bulgaria,BGR,54.32692,52.40385,51.92308,53.36538,54.80769,49.51923,50.96154,50.96154,50.96154,50.48077,61.05769,64.90385,63.46154,62.98077,65.38461,54.96794667,56.08974667,55.44872,55.76923,56.89102333,1.1218,1,-0.64102667,0,0.32051,1,1.12179333,1
Burkina Faso,BFA,34.61538,35.09615,39.42308,34.61538,37.5,48.55769,52.88462,53.36538,53.36538,49.51923,30.76923,34.13462,31.25,31.25,22.11539,37.98076667,40.70513,41.34615333,39.74358667,36.37820667,2.72436333,1,0.64102333,1,-1.60256666,0,-3.36538,0
Burundi,BDI,9.615385,7.211538,7.211538,5.769231,5.769231,9.134615,10.09615,9.134615,5.288462,4.807693,11.53846,7.211538,8.173077,8.173077,10.09615,10.09615333,8.173075333,8.173076667,6.410256667,6.891024667,-1.923077997,0,1.334E-06,1,-1.76282,0,0.480768,1
Cabo Verde,CPV,71.15385,63.46154,64.90385,67.78846,69.71154,79.80769,78.84615,80.28846,78.36539,79.80769,60.09615,57.69231,59.13462,64.42308,63.46154,70.35256333,66.66666667,68.10897667,70.19231,70.99359,-3.68589666,0,1.44231,1,2.08333333,1,0.80128,1
Cambodia,KHM,14.90385,12.98077,13.46154,11.05769,17.78846,12.01923,9.134615,8.653846,8.653846,9.615385,25,24.03846,25.48077,32.21154,31.73077,17.30769333,15.384615,15.86538533,17.307692,19.71153833,-1.92307833,0,0.48077033,1,1.44230667,1,2.40384633,1
Cameroon,CMR,15.38461,13.94231,14.90385,12.5,11.53846,12.98077,11.53846,11.05769,11.05769,11.05769,21.63461,22.11539,20.19231,19.71154,19.23077,16.66666333,15.86538667,15.38461667,14.42307667,13.94230667,-0.80127666,0,-0.48077,0,-0.96154,0,-0.48077,0
Canada,CAN,95.67308,96.63461,95.67308,94.71154,94.71154,95.19231,96.15385,95.67308,93.75,93.26923,94.71154,95.19231,97.11539,94.71154,95.19231,95.19231,95.99359,96.15385,94.39102667,94.39102667,0.80128,1,0.16026,1,-1.76282333,0,0,1
Cayman Islands,CYM,77.40385,77.88461,76.92308,76.44231,77.40385,81.73077,68.75,69.23077,68.26923,67.78846,84.61539,85.09615,85.57692,85.57692,85.09615,81.25000333,77.24358667,77.24359,76.76282,76.76282,-4.00641666,0,3.33E-06,1,-0.48077,0,0,1
Central African Republic,CAF,1.442308,2.403846,2.884615,3.846154,3.365385,7.211538,8.653846,11.53846,10.57692,10.57692,1.442308,2.884615,3.365385,2.884615,2.884615,3.365384667,4.647435667,5.929486667,5.769229667,5.608973333,1.282051,1,1.282051,1,-0.160257,0,-0.160256334,0
Chad,TCD,8.653846,7.692307,8.653846,7.211538,7.211538,5.288462,4.807693,5.288462,6.730769,5.769231,6.730769,6.25,6.25,6.730769,5.769231,6.891025667,6.25,6.730769333,6.891025333,6.25,-0.641025667,0,0.480769333,1,0.160256,1,-0.641025333,0
Chile,CHL,87.01923,85.09615,81.73077,83.17308,82.69231,87.5,82.69231,82.21154,82.21154,83.17308,83.17308,79.32692,77.88461,81.73077,81.73077,85.89743667,82.37179333,80.60897333,82.37179667,82.53205333,-3.52564334,0,-1.76282,0,1.76282334,1,0.16025666,1
China,CHN,39.90385,41.34615,44.71154,48.07692,45.19231,48.07692,49.03846,46.63462,45.67308,43.26923,68.26923,66.82692,67.78846,69.71154,71.63461,52.08333333,52.40384333,53.04487333,54.48718,53.36538333,0.32051,1,0.64103,1,1.44230667,1,-1.12179667,0
Colombia,COL,46.63462,43.75,40.38462,38.46154,38.46154,47.59615,44.71154,43.75,45.19231,48.07692,52.40385,53.36538,51.44231,50,55.76923,48.87820667,47.27564,45.19231,44.55128333,47.43589667,-1.60256667,0,-2.08333,0,-0.64102667,0,2.88461334,1
Comoros,COM,21.63461,16.34615,13.94231,12.01923,12.5,25.96154,29.32692,26.44231,22.59615,15.38461,5.769231,5.288462,5.288462,3.846154,3.846154,17.78846033,16.98717733,15.22436067,12.82051133,10.57692133,-0.801283,0,-1.76281666,0,-2.40384934,0,-2.24359,0
"Congo, Dem. Rep.",COD,2.884615,4.807693,3.846154,2.884615,2.403846,8.173077,7.211538,5.769231,3.846154,3.365385,2.884615,6.730769,4.807693,5.769231,4.807693,4.647435667,6.25,4.807692667,4.166666667,3.525641333,1.602564333,1,-1.442307333,0,-0.641026,0,-0.641025334,0
"Congo, Rep.",COG,12.98077,12.01923,12.01923,11.53846,10.09615,10.57692,10.57692,8.173077,7.692307,6.25,14.90385,12.01923,10.57692,10.09615,8.173077,12.82051333,11.53846,10.256409,9.775639,8.173075667,-1.28205333,0,-1.282051,0,-0.48077,0,-1.602563333,0
Cook Islands,COK,0,0,0,0,0,0,0,0,0,0,0,0,0,0,0,0,0,0,0,0,0,1,0,1,0,1,0,1
Costa Rica,CRI,69.71154,68.26923,67.78846,69.23077,70.19231,75.96154,76.44231,66.82692,70.67308,75.96154,66.82692,67.30769,62.01923,67.78846,67.78846,70.83333333,70.67307667,65.54487,69.23077,71.31410333,-0.16025666,0,-5.12820667,0,3.6859,1,2.08333333,1
Cote d'Ivoire,CIV,30.76923,29.32692,29.80769,30.76923,30.76923,41.34615,33.17308,36.53846,36.53846,33.65385,25.48077,26.44231,20.67308,31.73077,35.09615,32.53205,29.64743667,29.00641,33.01282,33.17307667,-2.88461333,0,-0.64102667,0,4.00641,1,0.16025667,1
Croatia,HRV,62.5,66.34615,63.46154,62.98077,64.90385,63.94231,62.5,61.05769,60.09615,60.09615,72.11539,69.71154,72.11539,69.23077,67.30769,66.1859,66.18589667,65.54487333,64.10256333,64.10256333,-3.33E-06,0,-0.64102334,0,-1.44231,0,0,1
Cuba,CUB,28.36539,34.61538,35.09615,35.09615,43.26923,60.09615,62.01923,64.42308,61.05769,58.65385,54.32692,50,45.67308,44.71154,44.71154,47.59615333,48.87820333,48.39743667,46.95512667,48.87820667,1.28205,1,-0.48076666,0,-1.44231,0,1.92308,1
Cyprus,CYP,81.73077,75.48077,79.80769,75.96154,76.44231,80.76923,77.88461,78.36539,74.03846,71.63461,81.25,77.88461,79.80769,77.88461,78.84615,81.25,77.08333,79.32692333,75.96153667,75.64102333,-4.16667,0,2.24359333,1,-3.36538666,0,-0.32051334,0
Czech Republic,CZE,84.13461,82.21154,83.65385,81.73077,81.73077,67.30769,69.23077,70.67308,69.23077,68.75,80.76923,79.80769,81.25,78.36539,78.36539,77.40384333,77.08333333,78.52564333,76.44231,76.28205333,-0.32051,0,1.44231,1,-2.08333333,0,-0.16025667,0
Denmark,DNK,99.51923,97.59615,97.59615,96.63461,98.07692,98.07692,99.03846,98.55769,98.55769,97.59615,97.59615,99.03846,95.67308,97.11539,99.03846,98.39743333,98.55769,97.27564,97.43589667,98.23717667,0.16025667,1,-1.28205,0,0.16025667,1,0.80128,1
Djibouti,DJI,17.78846,16.82692,17.78846,17.30769,18.26923,28.84615,30.76923,29.32692,26.44231,20.67308,16.82692,16.82692,14.42308,17.30769,24.03846,21.15384333,21.47435667,20.51282,20.35256333,20.99359,0.32051334,1,-0.96153667,0,-0.16025667,0,0.64102667,1
Dominica,DMA,74.03846,72.59615,75,75,75,71.63461,70.67308,73.55769,70.19231,69.71154,58.17308,55.28846,42.78846,40.86538,40.86538,67.94871667,66.18589667,63.78205,62.01923,61.85897333,-1.76282,0,-2.40384667,0,-1.76282,0,-0.16025667,0
Dominican Republic,DOM,35.09615,37.01923,36.05769,39.90385,41.82692,21.15385,23.07692,24.51923,24.51923,25,41.34615,43.26923,38.46154,39.42308,38.94231,32.53205,34.45512667,33.01282,34.61538667,35.25641,1.92307667,1,-1.44230667,0,1.60256667,1,0.64102333,1
Ecuador,ECU,13.94231,25,25.48077,28.36539,29.80769,28.36539,27.40385,30.76923,32.21154,34.61538,38.46154,37.5,39.90385,42.78846,37.01923,26.92308,29.96795,32.05128333,34.45513,33.8141,3.04487,1,2.08333333,1,2.40384667,1,-0.64103,0
"Egypt, Arab Rep.",EGY,31.25,32.69231,32.69231,37.5,37.98077,30.76923,31.25,35.57692,31.73077,27.88461,22.11539,27.88461,29.32692,30.76923,36.53846,28.04487333,30.60897333,32.53205,33.33333333,34.13461333,2.5641,1,1.92307667,1,0.80128333,1,0.80128,1
El Salvador,SLV,31.73077,26.92308,20.19231,19.71154,23.55769,42.30769,33.65385,37.98077,29.80769,32.69231,45.67308,42.30769,38.94231,36.53846,35.57692,39.90384667,34.29487333,32.37179667,28.68589667,30.60897333,-5.60897334,0,-1.92307666,0,-3.6859,0,1.92307666,1
Equatorial Guinea,GNQ,4.326923,5.288462,5.769231,6.730769,6.25,0,0,0,2.403846,0.4807692,7.211538,7.692307,6.730769,9.615385,9.134615,3.846153667,4.326923,4.166666667,6.25,5.2884614,0.480769333,1,-0.160256333,0,2.083333333,1,-0.9615386,0
Eritrea,ERI,3.846154,4.326923,5.288462,5.288462,5.288462,7.692307,8.173077,10.57692,9.134615,7.211538,4.807693,3.365385,3.846154,2.403846,2.403846,5.448718,5.288461667,6.570512,5.608974333,4.967948667,-0.160256333,0,1.282050333,1,-0.961537667,0,-0.641025666,0
Estonia,EST,86.53846,86.53846,86.53846,86.53846,87.01923,87.98077,88.94231,87.01923,89.90385,90.38461,82.69231,82.69231,82.69231,84.61539,85.57692,85.73718,86.05769333,85.41666667,87.01923333,87.66025333,0.32051333,1,-0.64102666,0,1.60256666,1,0.64102,1
Eswatini,SWZ,44.71154,38.94231,43.75,45.19231,32.69231,43.75,37.98077,46.15385,47.11538,35.09615,32.21154,31.25,32.69231,25,25.48077,40.22436,36.05769333,40.86538667,39.10256333,31.08974333,-4.16666667,0,4.80769334,1,-1.76282334,0,-8.01282,0
Ethiopia,ETH,35.57692,33.65385,33.65385,36.53846,34.61538,40.86538,39.90385,33.17308,37.5,39.90385,29.80769,28.84615,24.03846,29.32692,28.36539,35.41666333,34.13461667,30.28846333,34.45512667,34.29487333,-1.28204666,0,-3.84615334,0,4.16666334,1,-0.16025334,0
Fiji,FJI,40.38462,44.71154,45.67308,50,52.88462,62.01923,61.53846,65.38461,67.30769,70.19231,43.75,43.75,57.21154,62.5,61.05769,48.71795,50,56.08974333,59.93589667,61.37820667,1.28205,1,6.08974333,1,3.84615334,1,1.44231,1
Finland,FIN,100,99.03846,100,100,100,99.51923,99.51923,99.03846,100,99.03846,96.15385,96.15385,98.07692,99.03846,98.55769,98.55769333,98.23718,99.03846,99.67948667,99.19871667,-0.32051333,0,0.80128,1,0.64102667,1,-0.48077,0
France,FRA,88.46154,88.94231,89.42308,88.94231,89.42308,88.94231,90.38461,87.5,87.98077,88.94231,88.46154,90.38461,87.98077,91.82692,89.42308,88.62179667,89.90384333,88.30128333,89.58333333,89.26282333,1.28204666,1,-1.60256,0,1.28205,1,-0.32051,0
French Guiana,GUF,86.05769,87.5,86.05769,85.57692,85.57692,81.73077,81.25,81.73077,81.25,80.76923,84.13461,84.13461,88.46154,89.42308,89.90385,83.97435667,84.29487,85.41666667,85.41666667,85.41666667,0.32051333,1,1.12179667,1,0,1,0,1
Gabon,GAB,33.17308,31.25,26.92308,24.51923,24.51923,26.44231,23.55769,20.19231,18.75,17.78846,23.55769,21.15385,17.30769,18.75,16.34615,27.72436,25.32051333,21.47436,20.67307667,19.55128,-2.40384667,0,-3.84615333,0,-0.80128333,0,-1.12179667,0
"Gambia, The",GMB,27.40385,24.03846,34.61538,36.05769,41.34615,23.07692,21.63461,29.80769,38.94231,45.19231,18.75,19.23077,26.44231,27.40385,29.32692,23.07692333,21.63461333,30.28846,34.13461667,38.62179333,-1.44231,0,8.65384667,1,3.84615667,1,4.48717666,1
Georgia,GEO,64.42308,64.90385,62.98077,63.94231,62.01923,74.51923,74.03846,77.40385,76.44231,74.03846,67.30769,70.67308,73.07692,74.03846,76.92308,68.75,69.87179667,71.15384667,71.47436,70.99359,1.12179667,1,1.28205,1,0.32051333,1,-0.48077,0
Germany,DEU,93.26923,91.82692,91.34615,91.34615,92.30769,93.26923,93.75,94.23077,95.19231,95.19231,93.75,94.23077,94.23077,93.26923,93.26923,93.42948667,93.26923,93.26923,93.26923,93.58974333,-0.16025667,0,0,1,0,1,0.32051333,1
Ghana,GHA,60.57692,55.76923,59.13462,56.73077,55.28846,52.88462,52.40385,49.03846,52.88462,52.40385,46.15385,47.59615,49.03846,46.15385,41.82692,53.20513,51.92307667,52.40384667,51.92308,49.83974333,-1.28205333,0,0.48077,1,-0.48076667,0,-2.08333667,0
Greece,GRC,63.94231,57.69231,56.73077,59.13462,60.57692,55.28846,55.28846,52.88462,55.76923,56.25,64.42308,62.5,66.34615,65.86539,66.82692,61.21795,58.49359,58.65384667,60.25641333,61.21794667,-2.72436,0,0.16025667,1,1.60256666,1,0.96153334,1
Greenland,GRL,92.30769,94.23077,94.71154,94.23077,94.23077,84.13461,83.65385,84.13461,84.13461,82.21154,75.96154,75.48077,76.92308,76.92308,75.48077,84.13461333,84.45513,85.25641,85.09615333,83.97436,0.32051667,1,0.80128,1,-0.16025667,0,-1.12179333,0
Grenada,GRD,61.05769,72.11539,66.34615,60.57692,59.61538,68.75,69.71154,67.30769,66.82692,64.90385,47.59615,46.15385,46.63462,43.75,46.63462,59.13461333,62.66026,60.09615333,57.05128,57.05128333,3.52564667,1,-2.56410667,0,-3.04487333,0,3.33E-06,1
Guam,GUM,87.98077,84.61539,88.46154,87.98077,87.98077,87.01923,87.5,86.53846,86.53846,87.5,70.19231,64.42308,65.38461,63.46154,62.98077,81.73077,78.84615667,80.12820333,79.32692333,79.48718,-2.88461333,0,1.28204666,1,-0.80128,0,0.16025667,1
Guatemala,GTM,16.34615,14.90385,12.98077,15.38461,13.94231,25,24.03846,24.03846,22.11539,18.75,24.51923,30.76923,26.92308,23.55769,26.44231,21.95512667,23.23718,21.31410333,20.35256333,19.71154,1.28205333,1,-1.92307667,0,-0.96154,0,-0.64102333,0
Guinea,GIN,10.09615,9.134615,9.134615,9.134615,9.134615,14.42308,15.86539,14.42308,13.94231,18.26923,12.5,14.90385,13.94231,16.34615,21.15385,12.33974333,13.301285,12.50000167,13.141025,16.18589833,0.96154167,1,-0.80128333,0,0.64102333,1,3.04487333,1
Guinea-Bissau,GNB,6.730769,6.730769,6.730769,8.653846,7.692307,2.403846,2.884615,2.884615,3.365385,5.288462,3.846154,3.846154,2.884615,7.211538,6.25,4.326923,4.487179333,4.166666333,6.410256333,6.410256333,0.160256333,1,-0.320513,0,2.24359,1,0,1
Guyana,GUY,34.13462,42.78846,42.78846,40.38462,36.53846,31.25,44.23077,37.5,46.63462,51.92308,42.30769,41.82692,41.34615,41.82692,37.5,35.89743667,42.94871667,40.54487,42.94872,41.98718,7.05128,1,-2.40384667,0,2.40385,1,-0.96154,0
Haiti,HTI,9.134615,15.86539,12.5,13.94231,16.82692,10.09615,7.692307,10.09615,9.615385,8.173077,0.9615384,0.9615384,0.9615384,1.442308,1.442308,6.7307678,8.173078467,7.8525628,8.333334333,8.814101667,1.442310667,1,-0.320515667,0,0.480771533,1,0.480767334,1
Honduras,HND,16.82692,11.05769,14.42308,16.34615,15.38461,32.69231,29.80769,25.48077,29.32692,23.07692,20.19231,23.07692,34.13462,27.88461,30.28846,23.23718,21.3141,24.67949,24.51922667,22.91666333,-1.92308,0,3.36539,1,-0.16026333,0,-1.60256334,0
"Hong Kong SAR, China",HKG,95.19231,93.26923,93.75,95.19231,91.82692,92.78846,91.82692,92.30769,92.30769,92.30769,99.03846,97.11539,97.59615,98.07692,96.15385,95.67307667,94.07051333,94.55128,95.19230667,93.42948667,-1.60256334,0,0.48076667,1,0.64102667,1,-1.76282,0
Hungary,HUN,66.34615,66.82692,70.19231,71.63461,68.26923,61.53846,60.57692,59.13462,59.61538,57.69231,70.67308,69.23077,70.19231,70.19231,70.19231,66.18589667,65.54487,66.50641333,67.14743333,65.38461667,-0.64102667,0,0.96154333,1,0.64102,1,-1.76281666,0
Iceland,ISL,90.86539,90.38461,90.86539,93.26923,95.19231,95.67308,95.19231,93.26923,94.23077,92.78846,90.86539,89.90385,91.34615,91.34615,92.30769,92.46795333,91.82692333,91.82692333,92.94871667,93.42948667,-0.64103,0,0,1,1.12179334,1,0.48077,1
India,IND,55.76923,53.36538,52.88462,55.28846,52.40385,44.71154,47.59615,48.55769,49.51923,47.59615,56.25,55.76923,56.73077,63.94231,59.61538,52.24359,52.24358667,52.72436,56.25,53.20512667,-3.33E-06,0,0.48077333,1,3.52564,1,-3.04487333,0
Indonesia,IDN,39.42308,40.38462,40.86538,42.78846,42.30769,39.42308,41.82692,48.07692,46.15385,37.98077,45.19231,52.40385,54.80769,59.13462,60.09615,41.34615667,44.87179667,47.91666333,49.35897667,46.79487,3.52564,1,3.04486666,1,1.44231334,1,-2.56410667,0
"Iran, Islamic Rep.",IRN,17.30769,27.40385,26.44231,25,24.03846,31.73077,26.44231,20.67308,15.86539,14.90385,46.63462,45.19231,44.71154,37.5,32.21154,31.89102667,33.01282333,30.60897667,26.12179667,23.71795,1.12179666,1,-2.40384666,0,-4.48718,0,-2.40384667,0
Iraq,IRQ,5.769231,3.846154,4.326923,3.365385,3.846154,4.807693,6.25,6.730769,7.211538,8.653846,9.615385,9.134615,9.615385,9.134615,9.615385,6.730769667,6.410256333,6.891025667,6.570512667,7.371795,-0.320513334,0,0.480769334,1,-0.320513,0,0.801282333,1
Ireland,IRL,92.78846,89.90385,88.94231,89.42308,88.94231,92.30769,92.30769,91.34615,90.86539,89.42308,91.82692,88.46154,87.01923,89.90385,86.53846,92.30769,90.22436,89.10256333,90.06410667,88.30128333,-2.08333,0,-1.12179667,0,0.96154334,1,-1.76282334,0
Israel,ISR,85.09615,82.69231,82.21154,80.76923,82.21154,79.32692,84.61539,79.80769,79.32692,78.84615,87.5,88.94231,89.42308,86.05769,87.5,83.97435667,85.41667,83.81410333,82.05128,82.85256333,1.44231333,1,-1.60256667,0,-1.76282333,0,0.80128333,1
Italy,ITA,64.90385,62.01923,62.5,62.01923,61.53846,57.69231,59.61538,61.53846,62.01923,62.01923,69.23077,72.11539,69.71154,68.26923,69.23077,63.94231,64.58333333,64.58333333,64.10256333,64.26282,0.64102333,1,0,1,-0.48077,0,0.16025667,1
Jamaica,JAM,47.59615,47.11538,49.03846,46.63462,44.23077,50.96154,51.44231,50.48077,50,54.32692,63.94231,68.75,69.23077,70.67308,70.67308,54.16666667,55.76923,56.25,55.76923333,56.41025667,1.60256333,1,0.48077,1,-0.48076667,0,0.64102334,1
Japan,JPN,89.42308,89.42308,89.90385,90.38461,90.38461,91.34615,90.86539,90.38461,89.42308,89.90385,95.19231,95.67308,93.26923,94.23077,93.75,91.98718,91.98718333,91.18589667,91.34615333,91.34615333,3.33E-06,1,-0.80128666,0,0.16025666,1,0,1
"Jersey, Channel Islands",JEY,92.30769,94.23077,94.71154,94.23077,94.23077,84.13461,83.17308,83.17308,82.69231,82.21154,87.01923,86.05769,86.05769,87.5,86.05769,87.82051,87.82051333,87.98077,88.14102667,87.5,3.33E-06,1,0.16025667,1,0.16025667,1,-0.64102667,0
Jordan,JOR,67.78846,61.05769,61.05769,61.05769,58.17308,64.42308,64.90385,63.94231,60.57692,60.57692,59.13462,59.13462,57.69231,57.21154,56.73077,63.78205333,61.69872,60.89743667,59.61538333,58.49359,-2.08333333,0,-0.80128333,0,-1.28205334,0,-1.12179333,0
Kazakhstan,KAZ,38.94231,36.05769,38.46154,35.57692,36.05769,19.71154,20.67308,19.71154,36.05769,43.75,50.48077,50.96154,52.88462,54.32692,57.69231,36.37820667,35.89743667,37.01923333,41.98717667,45.83333333,-0.48077,0,1.12179666,1,4.96794334,1,3.84615666,1
Kenya,KEN,36.53846,35.57692,37.98077,37.98077,35.57692,13.94231,16.82692,15.38461,19.71154,24.51923,43.26923,40.86538,40.38462,38.94231,38.46154,31.25,31.08974,31.25,32.21154,32.85256333,-0.16026,0,0.16026,1,0.96154,1,0.64102333,1
Kiribati,KIR,50.48077,59.61538,69.71154,69.71154,75.96154,62.98077,64.42308,66.34615,64.90385,65.38461,36.05769,37.01923,43.26923,41.34615,41.34615,49.83974333,53.68589667,59.77564,58.65384667,60.89743333,3.84615334,1,6.08974333,1,-1.12179333,0,2.24358666,1
"Korea, Dem. People’s Rep.",PRK,1.923077,2.884615,3.365385,4.807693,4.807693,9.615385,5.288462,4.807693,1.923077,2.884615,2.403846,4.326923,4.326923,5.288462,7.692307,4.647436,4.166666667,4.166667,4.006410667,5.128205,-0.480769333,0,3.33E-07,1,-0.160256333,0,1.121794333,1
"Korea, Rep.",KOR,80.28846,86.05769,85.57692,86.05769,86.05769,66.82692,67.30769,67.78846,72.11539,76.92308,79.80769,80.76923,82.21154,84.13461,88.46154,75.64102333,78.04487,78.52564,80.76923,83.81410333,2.40384667,1,0.48077,1,2.24359,1,3.04487333,1
Kosovo,XKX,37.98077,39.90385,35.57692,40.86538,39.90385,34.13462,40.38462,38.46154,35.57692,31.73077,39.90385,37.98077,37.01923,37.98077,39.42308,37.33974667,39.42308,37.01923,38.14102333,37.01923333,2.08333333,1,-2.40385,0,1.12179333,1,-1.12179,0
Kuwait,KWT,57.21154,55.28846,57.69231,60.09615,61.05769,51.44231,48.07692,44.71154,44.71154,50.96154,52.88462,48.55769,46.15385,49.51923,52.88462,53.84615667,50.64102333,49.51923333,51.44230667,54.96795,-3.20513334,0,-1.12179,0,1.92307334,1,3.52564333,1
Kyrgyz Republic,KGZ,14.42308,14.42308,17.30769,17.78846,19.23077,11.05769,12.5,12.98077,16.34615,17.30769,18.26923,17.78846,23.07692,28.84615,25,14.58333333,14.90384667,17.78846,20.99358667,20.51282,0.32051334,1,2.88461333,1,3.20512667,1,-0.48076667,0
Lao PDR,LAO,23.55769,20.67308,18.26923,18.75,17.30769,17.78846,14.42308,15.86539,15.38461,13.46154,35.09615,38.94231,37.5,24.51923,20.67308,25.48076667,24.67949,23.87820667,19.55128,17.14743667,-0.80127667,0,-0.80128333,0,-4.32692667,0,-2.40384333,0
Latvia,LVA,76.44231,80.28846,80.28846,79.32692,80.76923,67.78846,66.82692,69.71154,64.42308,68.26923,83.65385,78.84615,78.84615,79.80769,83.65385,75.96154,75.32051,76.28205,74.51923,77.56410333,-0.64103,0,0.96154,1,-1.76282,0,3.04487333,1
Lebanon,LBN,21.15385,19.23077,21.15385,23.55769,19.71154,19.23077,13.94231,14.90385,12.01923,12.01923,37.01923,35.09615,33.65385,25.96154,17.78846,25.80128333,22.75641,23.23718333,20.51282,16.50641,-3.04487333,0,0.48077333,1,-2.72436333,0,-4.00641,0
Lesotho,LSO,50,47.59615,44.23077,41.82692,40.38462,59.61538,56.73077,55.76923,53.84615,55.76923,26.44231,20.19231,19.23077,18.26923,18.26923,45.35256333,41.50641,39.74359,37.98076667,38.14102667,-3.84615333,0,-1.76282,0,-1.76282333,0,0.16026,1
Liberia,LBR,19.71154,17.30769,16.34615,16.82692,16.34615,30.28846,25.48077,26.92308,20.19231,19.23077,7.692307,8.653846,8.653846,8.653846,8.653846,19.230769,17.14743533,17.307692,15.22435867,14.74358867,-2.08333367,0,0.16025667,1,-2.08333333,0,-0.48077,0
Libya,LBY,2.403846,1.923077,1.923077,2.403846,1.923077,0.9615384,1.923077,1.923077,2.884615,2.403846,1.923077,1.442308,1.923077,1.923077,1.923077,1.762820467,1.762820667,1.923077,2.403846,2.083333333,2.00E-07,1,0.160256333,1,0.480769,1,-0.320512667,0
Liechtenstein,LIE,91.34615,92.30769,92.30769,92.30769,92.78846,96.15385,96.63461,97.11539,95.67308,95.67308,92.78846,93.75,94.71154,95.19231,94.71154,93.42948667,94.23076667,94.71154,94.39102667,94.39102667,0.80128,1,0.48077333,1,-0.32051333,0,0,1
Lithuania,LTU,81.25,81.73077,80.76923,79.80769,81.25,70.67308,75,70.19231,68.75,74.51923,85.57692,81.25,80.28846,80.76923,81.25,79.16666667,79.32692333,77.08333333,76.44230667,79.00641,0.16025666,1,-2.24359,0,-0.64102666,0,2.56410333,1
Luxembourg,LUX,96.63461,95.19231,95.19231,95.67308,95.67308,97.11539,97.59615,96.15385,97.11539,98.07692,93.26923,93.26923,93.75,95.67308,95.67308,95.67307667,95.35256333,95.03205333,96.15385,96.47436,-0.32051334,0,-0.32051,0,1.12179667,1,0.32051,1
"Macao SAR, China",MAC,79.80769,78.84615,77.88461,81.25,79.32692,70.19231,78.36539,72.11539,76.92308,75,89.42308,85.09615,88.94231,85.57692,85.09615,79.80769333,80.76923,79.64743667,81.25,79.80769,0.96153667,1,-1.12179333,0,1.60256333,1,-1.44231,0
Madagascar,MDG,29.32692,19.71154,19.71154,21.15385,15.86539,20.19231,16.34615,13.46154,14.90385,15.86539,8.653846,10.57692,12.01923,11.05769,12.01923,19.39102533,15.54487,15.06410333,15.70513,14.58333667,-3.84615533,0,-0.48076667,0,0.64102667,1,-1.12179333,0
Malawi,MWI,45.19231,38.46154,39.90385,39.42308,42.78846,23.55769,22.59615,27.88461,25,24.03846,27.88461,23.55769,25,22.11539,22.59615,32.21153667,28.20512667,30.92948667,28.84615667,29.80769,-4.00641,0,2.72436,1,-2.08333,0,0.96153333,1
Malaysia,MYS,68.75,69.23077,64.42308,74.03846,73.07692,63.46154,60.09615,58.17308,63.94231,62.5,76.92308,75.96154,75.48077,81.25,79.32692,69.71154,68.42948667,66.02564333,73.07692333,71.63461333,-1.28205333,0,-2.40384334,0,7.05128,1,-1.44231,0
Maldives,MDV,32.21154,36.53846,30.76923,31.73077,39.42308,37.98077,28.84615,21.63461,17.30769,46.15385,40.86538,41.34615,35.57692,35.09615,42.78846,37.01923,35.57692,29.32692,28.04487,42.78846333,-1.44231,0,-6.25,0,-1.28205,0,14.74359333,1
Mali,MLI,26.92308,22.11539,23.07692,21.63461,20.19231,27.88461,30.28846,28.84615,26.92308,26.92308,17.78846,15.38461,16.82692,15.38461,13.94231,24.19871667,22.59615333,22.91666333,21.3141,20.35256667,-1.60256334,0,0.32051,1,-1.60256333,0,-0.96153333,0
Malta,MLT,83.17308,81.25,85.09615,82.21154,79.80769,78.84615,75.48077,76.92308,71.63461,61.53846,75.48077,77.40385,80.76923,78.84615,77.40385,79.16666667,78.04487333,80.92948667,77.5641,72.91666667,-1.12179334,0,2.88461334,1,-3.36538667,0,-4.64743333,0
Marshall Islands,MHL,48.07692,51.44231,59.61538,52.88462,51.92308,54.80769,56.25,57.21154,54.32692,54.80769,4.326923,4.807693,5.769231,6.25,6.730769,35.73717767,37.500001,40.86538367,37.82051333,37.820513,1.76282333,1,3.36538267,1,-3.04487034,0,-3.3E-07,0
Martinique,MTQ,56.73077,79.80769,79.32692,78.84615,73.55769,87.01923,87.5,86.53846,86.53846,87.5,74.03846,75,83.65385,82.69231,83.17308,72.59615333,80.76923,83.17307667,82.69230667,81.41025667,8.17307667,1,2.40384667,1,-0.48077,0,-1.28205,0
Mauritania,MRT,18.75,25.96154,31.25,26.44231,28.84615,17.30769,24.51923,23.07692,23.07692,20.19231,13.94231,21.63461,22.59615,22.59615,34.61538,16.66666667,24.03846,25.64102333,24.03846,27.88461333,7.37179333,1,1.60256333,1,-1.60256333,0,3.84615333,1
Mauritius,MUS,77.88461,75.96154,75.96154,76.92308,76.92308,65.86539,62.98077,62.01923,62.98077,63.94231,81.73077,78.36539,78.36539,77.40385,77.88461,75.16025667,72.4359,72.11538667,72.4359,72.91666667,-2.72435667,0,-0.32051333,0,0.32051333,1,0.48076667,1
Mexico,MEX,38.46154,31.73077,31.73077,28.84615,27.40385,24.03846,25.96154,16.34615,19.23077,22.59615,61.53846,58.65385,52.40385,47.59615,45.67308,41.34615333,38.78205333,33.49359,31.89102333,31.89102667,-2.5641,0,-5.28846333,0,-1.60256667,0,3.34E-06,1
"Micronesia, Fed. Sts.",FSM,45.67308,52.88462,53.36538,53.84615,54.32692,75,73.07692,77.88461,75.48077,76.44231,40.38462,40.38462,56.25,48.07692,43.26923,53.6859,55.44872,62.49999667,59.13461333,58.01282,1.76282,1,7.05127667,1,-3.36538334,0,-1.12179333,0
Moldova,MDA,42.78846,33.17308,37.5,37.01923,40.86538,18.26923,14.90385,21.15385,25.96154,29.80769,28.36539,30.28846,33.17308,35.57692,37.98077,29.80769333,26.12179667,30.60897667,32.85256333,36.21794667,-3.68589666,0,4.48718,1,2.24358666,1,3.36538334,1
Monaco,MCO,0,0,0,0,0,0,0,0,0,0,0,0,0,0,0,0,0,0,0,0,0,1,0,1,0,1,0,1
Mongolia,MNG,41.82692,45.67308,41.82692,44.23077,45.67308,37.5,36.53846,41.82692,39.90385,37.5,39.42308,50.48077,42.30769,45.67308,42.30769,39.58333333,44.23077,41.98717667,43.26923333,41.82692333,4.64743667,1,-2.24359333,0,1.28205666,1,-1.44231,0
Montenegro,MNE,58.65385,53.84615,53.84615,57.69231,57.21154,53.84615,54.32692,54.80769,58.17308,55.28846,59.61538,58.17308,59.61538,58.17308,58.65385,57.37179333,55.44871667,56.08974,58.01282333,57.05128333,-1.92307666,0,0.64102333,1,1.92308333,1,-0.96154,0
Morocco,MAR,54.80769,48.55769,48.55769,49.51923,48.55769,52.40385,53.84615,52.40385,47.59615,45.67308,50.96154,49.51923,45.19231,46.63462,47.59615,52.72436,50.64102333,48.71795,47.91666667,47.27564,-2.08333667,0,-1.92307333,0,-0.80128333,0,-0.64102667,0
Mozambique,MOZ,20.67308,13.46154,15.38461,14.90385,14.90385,24.51923,17.78846,18.75,24.03846,23.55769,23.07692,18.75,18.26923,17.78846,18.75,22.75641,16.66666667,17.46794667,18.91025667,19.07051333,-6.08974333,0,0.80128,1,1.44231,1,0.16025666,1
Myanmar,MMR,7.692307,17.78846,16.82692,15.86539,12.98077,20.67308,32.21154,32.21154,30.28846,28.84615,10.09615,16.34615,13.46154,12.5,11.53846,12.82051233,22.11538333,20.83333333,19.55128333,17.78846,9.294871,1,-1.28205,0,-1.28205,0,-1.76282333,0
Namibia,NAM,62.01923,64.42308,60.57692,61.53846,62.5,66.34615,65.86539,64.90385,65.38461,65.86539,63.46154,60.57692,61.53846,56.25,56.25,63.94230667,63.62179667,62.33974333,61.05769,61.53846333,-0.32051,0,-1.28205334,0,-1.28205333,0,0.48077333,1
Nauru,NRU,12.01923,23.55769,23.55769,25.48077,23.07692,36.05769,39.42308,40.38462,33.65385,36.05769,34.13462,25,36.05769,50.48077,47.11538,27.40384667,29.32692333,33.33333333,36.53846333,35.41666333,1.92307666,1,4.00641,1,3.20513,1,-1.1218,0
Nepal,NPL,29.80769,21.15385,27.88461,33.65385,31.73077,32.21154,22.11539,23.55769,27.40385,27.40385,12.98077,19.71154,18.75,16.82692,14.90385,25,20.99359333,23.39743333,25.96154,24.67949,-4.00640667,0,2.40384,1,2.56410667,1,-1.28205,0
Netherlands,NLD,97.11539,97.11539,97.11539,96.15385,96.15385,94.71154,94.71154,95.19231,96.15385,96.63461,97.11539,96.63461,96.63461,96.63461,96.63461,96.31410667,96.15384667,96.31410333,96.31410333,96.47435667,-0.16026,0,0.16025666,1,0,1,0.16025334,1
Netherlands Antilles,ANT,0,0,0,0,0,0,0,0,0,0,0,0,0,0,0,0,0,0,0,0,0,1,0,1,0,1,0,1
New Zealand,NZL,98.07692,98.55769,98.07692,98.07692,97.59615,100,100,100,99.51923,100,98.55769,97.59615,95.19231,93.75,94.23077,98.87820333,98.71794667,97.75641,97.11538333,97.27564,-0.16025666,0,-0.96153667,0,-0.64102667,0,0.16025667,1
Nicaragua,NIC,26.44231,29.80769,29.32692,13.46154,9.615385,18.75,18.26923,18.26923,12.5,12.5,20.67308,24.51923,28.36539,19.23077,21.63461,21.95513,24.19871667,25.32051333,15.06410333,14.58333167,2.24358667,1,1.12179666,1,-10.25641,0,-0.48077166,0
Niger,NER,32.69231,28.84615,27.40385,30.28846,32.21154,29.32692,31.73077,27.40385,30.76923,32.21154,28.84615,29.80769,23.55769,20.19231,20.19231,30.28846,30.12820333,26.12179667,27.08333333,28.20513,-0.16025667,0,-4.00640666,0,0.96153666,1,1.12179667,1
Nigeria,NGA,15.86539,15.38461,18.75,18.26923,18.75,12.5,13.46154,12.5,13.46154,12.98077,16.34615,12.5,15.38461,14.90385,13.46154,14.90384667,13.78205,15.54487,15.54487333,15.06410333,-1.12179667,0,1.76282,1,3.33E-06,1,-0.48077,0
Niue,NIU,0,0,0,0,0,0,0,0,0,0,0,0,0,0,0,0,0,0,0,0,0,1,0,1,0,1,0,1
North Macedonia,MKD,49.51923,44.23077,46.63462,43.75,46.15385,50,46.63462,45.19231,42.30769,38.94231,58.65385,57.21154,58.17308,55.76923,52.40385,52.72436,49.35897667,50.00000333,47.27564,45.83333667,-3.36538333,0,0.64102666,1,-2.72436333,0,-1.44230333,0
Norway,NOR,98.55769,100,99.51923,99.51923,99.51923,99.03846,98.55769,99.51923,97.59615,97.11539,98.07692,98.55769,99.03846,97.59615,97.59615,98.55769,99.03846,99.35897333,98.23717667,98.07692333,0.48077,1,0.32051333,1,-1.12179666,0,-0.16025334,0
Oman,OMN,65.86539,65.86539,65.86539,68.26923,70.67308,64.90385,66.34615,63.46154,62.5,67.30769,55.76923,61.53846,60.57692,60.09615,62.5,62.17949,64.58333333,63.30128333,63.62179333,66.82692333,2.40384333,1,-1.28205,0,0.32051,1,3.20513,1
Pakistan,PAK,24.51923,20.19231,24.03846,27.40385,26.44231,21.63461,17.30769,22.59615,23.55769,21.15385,27.40385,28.36539,30.28846,26.92308,25.96154,24.51923,21.95513,25.64102333,25.96154,24.51923333,-2.5641,0,3.68589333,1,0.32051667,1,-1.44230667,0
Palau,PLW,63.46154,61.53846,61.53846,62.5,62.98077,36.05769,39.42308,40.38462,33.65385,36.05769,34.13462,38.46154,43.75,52.40385,51.44231,44.55128333,46.47436,48.55769333,49.51923333,50.16025667,1.92307667,1,2.08333333,1,0.96154,1,0.64102334,1
Panama,PAN,53.84615,56.25,54.32692,51.92308,50.48077,44.23077,35.57692,35.09615,32.69231,30.76923,65.38461,61.05769,54.32692,51.92308,55.28846,54.48717667,50.96153667,47.91666333,45.51282333,45.51282,-3.52564,0,-3.04487334,0,-2.40384,0,-3.33E-06,0
Papua New Guinea,PNG,18.26923,23.07692,20.67308,23.07692,21.15385,16.34615,15.38461,16.82692,17.78846,16.82692,31.25,22.59615,24.51923,24.03846,19.71154,21.95512667,20.35256,20.67307667,21.63461333,19.23077,-1.60256667,0,0.32051667,1,0.96153666,1,-2.40384333,0
Paraguay,PRY,28.84615,25.48077,28.84615,32.69231,31.25,15.86539,26.92308,25,21.15385,22.11539,17.30769,20.67308,19.71154,34.13462,33.17308,20.67307667,24.35897667,24.51923,29.32692667,28.84615667,3.6859,1,0.16025333,1,4.80769667,1,-0.48077,0
Peru,PER,37.5,34.13462,33.17308,32.21154,33.17308,34.61538,43.26923,38.94231,34.61538,36.53846,44.23077,45.67308,48.55769,44.23077,49.51923,38.78205,41.02564333,40.22436,37.01923,39.74359,2.24359333,1,-0.80128333,0,-3.20513,0,2.72436,1
Philippines,PHL,43.26923,39.42308,37.01923,34.13462,34.13462,39.90385,36.05769,39.42308,34.13462,31.25,57.21154,51.92308,51.92308,55.28846,54.80769,46.79487333,42.46795,42.78846333,41.1859,40.06410333,-4.32692333,0,0.32051333,1,-1.60256333,0,-1.12179667,0
Poland,POL,76.92308,74.03846,68.26923,66.82692,66.34615,73.55769,75.96154,75.96154,74.51923,71.15385,74.51923,73.55769,74.03846,75,73.07692,75,74.51923,72.75641,72.11538333,70.19230667,-0.48077,0,-1.76282,0,-0.64102667,0,-1.92307666,0
Portugal,PRT,83.65385,83.65385,84.13461,85.09615,84.61539,80.28846,80.28846,80.76923,80.28846,77.40385,86.05769,85.57692,87.5,86.53846,84.13461,83.33333333,83.17307667,84.13461333,83.97435667,82.05128333,-0.16025666,0,0.96153666,1,-0.16025666,0,-1.92307334,0
Puerto Rico,PRI,75.48077,75,73.07692,72.59615,72.11539,60.57692,59.13462,60.09615,59.13462,58.17308,66.34615,68.26923,50,47.11538,45.19231,67.46794667,67.46795,61.05769,59.61538333,58.49359333,3.33E-06,1,-6.41026,0,-1.44230667,0,-1.12179,0
Qatar,QAT,75.96154,76.92308,76.44231,75.48077,75.48077,78.36539,79.80769,76.44231,77.40385,79.32692,77.40385,74.51923,74.51923,74.51923,75,77.24359333,77.08333333,75.80128333,75.80128333,76.60256333,-0.16026,0,-1.28205,0,0,1,0.80128,1
Reunion,REU,82.69231,84.61539,83.17308,84.61539,78.84615,72.59615,72.11539,73.07692,73.55769,72.59615,79.32692,80.28846,83.65385,82.69231,83.17308,78.20512667,79.00641333,79.96795,80.28846333,78.20512667,0.80128666,1,0.96153667,1,0.32051333,1,-2.08333666,0
Romania,ROU,61.53846,63.94231,63.94231,63.46154,64.42308,57.21154,57.21154,55.28846,52.40385,51.44231,51.44231,47.11538,47.11538,43.26923,40.38462,56.73077,56.08974333,55.44871667,53.04487333,52.08333667,-0.64102667,0,-0.64102666,0,-2.40384334,0,-0.96153666,0
Russian Federation,RUS,25,21.63461,22.11539,20.67308,25,15.38461,19.71154,17.30769,20.67308,21.63461,47.11538,44.71154,50.96154,50.96154,58.17308,29.16666333,28.68589667,30.12820667,30.76923333,34.93589667,-0.48076666,0,1.44231,1,0.64102666,1,4.16666334,1
Rwanda,RWA,58.17308,57.21154,58.65385,58.17308,56.25,73.07692,72.59615,71.63461,71.15385,70.67308,51.92308,56.73077,64.90385,62.01923,60.57692,61.05769333,62.17948667,65.06410333,63.78205333,62.5,1.12179334,1,2.88461666,1,-1.28205,0,-1.28205333,0
Samoa,WSM,74.51923,76.44231,78.36539,77.88461,83.17308,65.38461,65.38461,74.03846,75,73.07692,71.63461,72.59615,73.55769,73.55769,68.75,70.51281667,71.47435667,75.32051333,75.48076667,75,0.96154,1,3.84615666,1,0.16025334,1,-0.48076667,0
San Marino,SMR,0,0,0,0,0,0,0,0,0,0,0,0,0,0,0,0,0,0,0,0,0,1,0,1,0,1,0,1
Sao Tome and Principe,STP,25.48077,28.36539,25.96154,25.96154,25.96154,56.25,55.76923,60.57692,61.53846,61.05769,22.59615,26.92308,21.15385,26.44231,29.80769,34.77564,37.01923333,35.89743667,37.98077,38.94230667,2.24359333,1,-1.12179666,0,2.08333333,1,0.96153667,1
Saudi Arabia,SAU,60.09615,62.5,57.21154,58.65385,58.65385,58.65385,63.94231,65.86539,65.86539,62.98077,60.57692,63.46154,62.5,64.90385,64.42308,59.77564,63.30128333,61.85897667,63.14103,62.01923333,3.52564333,1,-1.44230666,0,1.28205333,1,-1.12179667,0
Senegal,SEN,51.92308,50.96154,50.48077,47.59615,47.11538,59.13462,58.17308,54.32692,56.73077,59.13462,38.94231,36.53846,40.86538,42.30769,50.96154,50.00000333,48.55769333,48.55769,48.87820333,52.40384667,-1.44231,0,-3.33E-06,0,0.32051333,1,3.52564334,1
Serbia,SRB,52.40385,48.07692,48.07692,49.03846,50,49.03846,45.19231,43.26923,41.82692,37.01923,56.73077,56.25,60.09615,56.73077,53.36538,52.72436,49.83974333,50.48076667,49.19871667,46.79487,-2.88461667,0,0.64102334,1,-1.28205,0,-2.40384667,0
Seychelles,SYC,62.98077,59.13462,58.17308,59.61538,59.13462,77.88461,76.92308,74.51923,75.96154,81.25,68.75,67.78846,67.30769,71.15385,71.15385,69.87179333,67.94872,66.66666667,68.91025667,70.51282333,-1.92307333,0,-1.28205333,0,2.24359,1,1.60256666,1
Sierra Leone,SLE,20.19231,22.59615,22.59615,22.59615,22.59615,22.59615,20.19231,31.73077,37.01923,38.46154,9.134615,10.09615,11.53846,11.53846,12.5,17.30769167,17.62820333,21.95512667,23.71794667,24.51923,0.32051166,1,4.32692334,1,1.76282,1,0.80128333,1
Singapore,SGP,94.23077,96.15385,96.63461,97.11539,96.63461,96.63461,97.11539,97.59615,99.03846,99.51923,100,100,100,100,100,96.95512667,97.75641333,98.07692,98.71795,98.71794667,0.80128666,1,0.32050667,1,0.64103,1,-3.33E-06,0
Slovak Republic,SVK,69.23077,74.51923,71.63461,70.19231,71.15385,62.5,63.46154,62.5,66.34615,64.42308,75,76.92308,75,75.48077,74.03846,68.91025667,71.63461667,69.71153667,70.67307667,69.87179667,2.72436,1,-1.92308,0,0.96154,1,-0.80128,0
Slovenia,SVN,80.76923,83.17308,82.69231,82.69231,84.13461,76.44231,77.40385,79.32692,80.76923,80.28846,77.88461,83.65385,84.61539,83.17308,82.21154,78.36538333,81.41026,82.21154,82.21154,82.21153667,3.04487667,1,0.80128,1,0,1,-3.33E-06,0
Solomon Islands,SLB,37.01923,42.30769,47.59615,47.11538,48.07692,46.15385,43.75,59.61538,57.69231,57.21154,14.42308,15.86539,15.86539,13.46154,15.38461,32.53205333,33.97436,41.02564,39.42307667,40.22435667,1.44230667,1,7.05128,1,-1.60256333,0,0.80128,1
Somalia,SOM,0,0,0,0,0,1.442308,0.9615384,0.4807692,0,0.9615384,0,0.4807692,0.4807692,0.9615384,0.9615384,0.480769333,0.4807692,0.3205128,0.3205128,0.6410256,-1.33E-07,0,-0.1602564,0,0,1,0.3205128,1
South Africa,ZAF,59.13462,58.65385,52.40385,50.96154,50.96154,58.17308,61.05769,56.73077,57.21154,59.61538,64.90385,65.38461,65.86539,66.34615,66.34615,60.73718333,61.69871667,58.33333667,58.17307667,58.97435667,0.96153334,1,-3.36538,0,-0.16026,0,0.80128,1
South Sudan,SSD,0.9615384,1.442308,1.442308,1.442308,1.442308,0.4807692,0.4807692,0.9615384,0.4807692,0,0.4807692,0,0,0,0,0.6410256,0.641025733,0.801282133,0.641025733,0.480769333,1.33E-07,1,0.1602564,1,-0.1602564,0,-0.1602564,0
Spain,ESP,79.32692,80.76923,81.25,80.28846,80.28846,69.71154,68.26923,68.26923,72.59615,73.55769,85.09615,83.17308,81.73077,79.32692,79.80769,78.04487,77.40384667,77.08333333,77.40384333,77.88461333,-0.64102333,0,-0.32051334,0,0.32051,1,0.48077,1
Sri Lanka,LKA,57.69231,58.17308,55.28846,55.76923,53.84615,45.19231,45.67308,41.34615,43.26923,44.23077,53.36538,51.44231,48.07692,45.19231,48.07692,52.08333333,51.76282333,48.23717667,48.07692333,48.71794667,-0.32051,0,-3.52564666,0,-0.16025334,0,0.64102334,1
St. Kitts and Nevis,KNA,68.26923,69.71154,70.67308,72.11539,67.30769,68.26923,67.78846,68.75,67.78846,66.34615,58.17308,59.61538,71.15385,72.59615,72.59615,64.90384667,65.70512667,70.19231,70.83333333,68.74999667,0.80128,1,4.48718333,1,0.64102333,1,-2.08333666,0
St. Lucia,LCA,73.55769,70.67308,72.59615,73.55769,71.63461,71.15385,71.15385,71.15385,69.71154,69.23077,49.51923,54.32692,64.42308,61.53846,62.01923,64.74359,65.38461667,69.39102667,68.26923,67.62820333,0.64102667,1,4.00641,1,-1.12179667,0,-0.64102667,0
St. Vincent and the Grenadines,VCT,71.63461,65.38461,65.38461,67.30769,65.86539,74.03846,73.55769,75.48077,78.84615,77.88461,54.80769,62.01923,64.42308,61.53846,62.01923,66.82692,66.98717667,68.42948667,69.23076667,68.58974333,0.16025667,1,1.44231,1,0.80128,1,-0.64102334,0
Sudan,SDN,8.173077,8.653846,10.57692,10.57692,10.57692,3.365385,3.846154,3.365385,5.769231,7.692307,6.25,5.769231,7.211538,4.326923,5.288462,5.929487333,6.089743667,7.051281,6.891024667,7.852563,0.160256334,1,0.961537333,1,-0.160256333,0,0.961538333,1
Suriname,SUR,49.03846,49.51923,50,52.40385,51.44231,50.48077,46.15385,50,48.07692,40.38462,41.82692,39.90385,29.80769,25.48077,30.76923,47.11538333,45.19231,43.26923,41.98718,40.86538667,-1.92307333,0,-1.92308,0,-1.28205,0,-1.12179333,0
Sweden,SWE,99.03846,99.51923,99.03846,98.55769,98.55769,98.55769,98.07692,98.07692,98.07692,98.55769,96.63461,94.71154,96.15385,96.15385,97.11539,98.07692,97.43589667,97.75641,97.59615333,98.07692333,-0.64102333,0,0.32051333,1,-0.16025667,0,0.48077,1
Switzerland,CHE,97.59615,98.07692,98.55769,99.03846,99.03846,97.59615,95.67308,96.63461,96.63461,96.15385,99.51923,99.51923,99.51923,99.51923,99.51923,98.23717667,97.75641,98.23717667,98.39743333,98.23718,-0.48076667,0,0.48076667,1,0.16025666,1,-0.16025333,0
Syrian Arab Republic,SYR,4.807693,0.9615384,0.9615384,0.9615384,0.9615384,1.923077,2.403846,2.403846,1.442308,1.442308,5.288462,2.403846,2.403846,3.365385,3.365385,4.006410667,1.9230768,1.9230768,1.923077133,1.923077133,-2.083333867,0,0,1,3.33E-07,1,0,1
"Taiwan, China",TWN,84.61539,85.57692,84.61539,83.65385,85.09615,76.92308,79.32692,81.25,81.73077,82.69231,87.98077,89.42308,86.53846,88.46154,90.86539,83.17308,84.77564,84.13461667,84.61538667,86.21795,1.60256,1,-0.64102333,0,0.48077,1,1.60256333,1
Tajikistan,TJK,13.46154,10.57692,8.173077,7.692307,8.653846,11.53846,12.01923,7.692307,6.25,9.134615,19.71154,13.94231,12.98077,12.01923,14.42308,14.90384667,12.17948667,9.615384667,8.653845667,10.73718033,-2.72436,0,-2.564102003,0,-0.961539,0,2.083334663,1
Tanzania,TZA,42.30769,37.98077,34.13462,31.25,29.32692,27.40385,35.09615,40.86538,39.42308,40.86538,31.73077,34.61538,27.88461,21.15385,17.30769,33.81410333,35.89743333,34.29487,30.60897667,29.16666333,2.08333,1,-1.60256333,0,-3.68589333,0,-1.44231334,0
Thailand,THA,50.96154,54.32692,54.80769,54.80769,57.69231,37.01923,42.30769,42.78846,40.86538,39.42308,65.86539,66.34615,66.82692,66.82692,65.86539,51.28205333,54.32692,54.80769,54.16666333,54.32692667,3.04486667,1,0.48077,1,-0.64102667,0,0.16026334,1
Timor-Leste,TLS,11.05769,10.09615,10.09615,10.09615,12.01923,36.53846,34.61538,34.61538,38.46154,41.34615,13.46154,14.42308,16.34615,15.86539,16.82692,20.35256333,19.71153667,20.35256,21.47436,23.39743333,-0.64102666,0,0.64102333,1,1.1218,1,1.92307333,1
Togo,TGO,23.07692,30.28846,24.51923,29.80769,28.36539,25.48077,28.36539,25.96154,25.48077,25.48077,11.05769,12.98077,12.5,12.98077,15.86539,19.87179333,23.87820667,20.99359,22.75641,23.23718333,4.00641334,1,-2.88461667,0,1.76282,1,0.48077333,1
Tonga,TON,48.55769,60.09615,62.01923,64.90385,66.82692,38.94231,38.46154,51.44231,54.80769,41.82692,42.78846,42.78846,44.23077,58.65385,59.13462,43.42948667,47.11538333,52.56410333,59.45513,55.92948667,3.68589666,1,5.44872,1,6.89102667,1,-3.52564333,0
Trinidad and Tobago,TTO,52.88462,50,50.96154,50.48077,49.51923,47.11538,50,44.23077,44.23077,49.03846,62.98077,62.98077,62.98077,60.57692,57.21154,54.32692333,54.32692333,52.72436,51.76282,51.92307667,0,1,-1.60256333,0,-0.96154,0,0.16025667,1
Tunisia,TUN,55.28846,54.80769,55.76923,56.25,55.76923,55.76923,53.36538,53.84615,56.25,52.88462,49.03846,44.23077,50.48077,48.55769,48.55769,53.36538333,50.80128,53.36538333,53.68589667,52.40384667,-2.56410333,0,2.56410333,1,0.32051334,1,-1.28205,0
Turkey,TUR,53.36538,46.63462,45.19231,42.30769,44.71154,53.36538,50.48077,49.51923,43.75,44.71154,62.01923,54.80769,55.28846,53.84615,54.32692,56.24999667,50.64102667,50,46.63461333,47.91666667,-5.60897,0,-0.64102667,0,-3.36538667,0,1.28205334,1
Turkmenistan,TKM,5.288462,6.25,6.25,6.25,6.730769,5.769231,4.326923,4.326923,8.173077,3.846154,19.23077,11.53846,10.09615,14.42308,11.05769,10.09615433,7.371794333,6.891024333,9.615385667,7.211537667,-2.724359997,0,-0.48077,0,2.724361334,1,-2.403848,0
Tuvalu,TUV,65.38461,67.78846,71.15385,70.67308,67.78846,56.73077,58.65385,58.65385,58.65385,66.82692,15.86539,17.30769,21.63461,23.07692,27.88461,45.99359,47.91666667,50.48077,50.80128333,54.16666333,1.92307667,1,2.56410333,1,0.32051333,1,3.36538,1
Uganda,UGA,40.86538,45.19231,42.30769,43.26923,43.75,13.46154,12.98077,13.94231,14.42308,11.53846,36.53846,32.69231,31.73077,29.80769,31.25,30.28846,30.28846333,29.32692333,29.16666667,28.84615333,3.33E-06,1,-0.96154,0,-0.16025666,0,-0.32051334,0
Ukraine,UKR,22.11539,24.51923,25,24.03846,25.48077,14.90385,21.15385,22.11539,18.26923,26.44231,34.61538,32.21154,35.09615,38.46154,39.90385,23.87820667,25.96154,27.40384667,26.92307667,30.60897667,2.08333333,1,1.44230667,1,-0.48077,0,3.6859,1
United Arab Emirates,ARE,73.07692,78.36539,77.40385,77.40385,77.88461,82.69231,84.13461,82.69231,83.65385,83.65385,91.34615,90.86539,90.86539,90.38461,88.94231,82.37179333,84.45513,83.65385,83.81410333,83.49359,2.08333667,1,-0.80128,0,0.16025333,1,-0.32051333,0
United Kingdom,GBR,93.75,92.78846,92.78846,91.82692,91.34615,93.75,94.23077,94.71154,93.26923,93.75,94.23077,92.78846,90.38461,87.98077,90.38461,93.91025667,93.26923,92.62820333,91.02564,91.82692,-0.64102667,0,-0.64102667,0,-1.60256333,0,0.80128,1
United States,USA,90.38461,91.34615,91.82692,89.90385,89.90385,89.90385,89.90385,88.94231,88.46154,84.61539,89.90385,91.34615,92.78846,92.30769,91.34615,90.06410333,90.86538333,91.18589667,90.22436,88.62179667,0.80128,1,0.32051334,1,-0.96153667,0,-1.60256333,0
Uruguay,URY,75,73.55769,72.11539,73.07692,74.51923,89.42308,88.46154,88.46154,87.5,87.98077,72.59615,73.07692,68.26923,73.07692,74.51923,79.00641,78.36538333,76.28205333,77.88461333,79.00641,-0.64102667,0,-2.08333,0,1.60256,1,1.12179667,1
Uzbekistan,UZB,11.53846,11.53846,11.05769,12.98077,14.42308,8.653846,11.05769,12.01923,12.98077,14.42308,26.92308,31.73077,32.21154,33.65385,34.13462,15.70512867,18.10897333,18.42948667,19.87179667,20.99359333,2.40384466,1,0.32051334,1,1.44231,1,1.12179666,1
Vanuatu,VUT,59.61538,62.98077,68.75,64.42308,60.09615,54.32692,54.80769,57.69231,50.48077,47.11538,21.15385,18.26923,17.78846,34.61538,32.69231,45.03205,45.35256333,48.07692333,49.83974333,46.63461333,0.32051333,1,2.72436,1,1.76282,1,-3.20513,0
"Venezuela, RB",VEN,0.4807692,0.4807692,0.4807692,0.4807692,0.4807692,4.326923,6.730769,7.211538,4.807693,4.326923,10.57692,8.173077,7.692307,4.807693,4.326923,5.128204067,5.128205067,5.128204733,3.365385067,3.044871733,1.00E-06,1,-3.34E-07,0,-1.762819666,0,-0.320513334,0
Vietnam,VNM,43.75,56.73077,56.25,54.32692,53.36538,41.82692,37.5,31.25,37.98077,34.13462,55.28846,53.84615,53.36538,53.36538,53.84615,46.95512667,49.35897333,46.95512667,48.55769,47.11538333,2.40384666,1,-2.40384666,0,1.60256333,1,-1.44230667,0
Virgin Islands (U.S.),VIR,78.84615,73.07692,73.55769,84.61539,83.65385,72.59615,72.11539,73.07692,73.55769,72.59615,86.53846,87.98077,76.44231,76.44231,76.44231,79.32692,77.72436,74.35897333,78.20513,77.56410333,-1.60256,0,-3.36538667,0,3.84615667,1,-0.64102667,0
West Bank and Gaza,PSE,36.05769,40.86538,36.53846,33.17308,33.65385,40.38462,51.92308,56.25,48.55769,46.63462,37.5,29.32692,36.53846,20.67308,23.07692,37.98077,40.70512667,43.10897333,34.13461667,34.45513,2.72435667,1,2.40384666,1,-8.97435666,0,0.32051333,1
"Yemen, Rep.",YEM,7.211538,3.365385,2.403846,1.923077,2.884615,2.884615,1.442308,1.442308,0.9615384,1.923077,3.365385,1.923077,1.442308,0.4807692,0.4807692,4.487179333,2.24359,1.762820667,1.121794867,1.7628204,-2.243589333,0,-0.480769333,0,-0.6410258,0,0.641025533,1
Zambia,ZMB,47.11538,43.26923,41.34615,41.34615,35.09615,45.67308,41.34615,34.13462,27.88461,28.36539,32.69231,27.40385,28.84615,33.17308,27.40385,41.82692333,37.33974333,34.77564,34.13461333,30.28846333,-4.48718,0,-2.56410333,0,-0.64102667,0,-3.84615,0
Zimbabwe,ZWE,6.25,8.173077,7.692307,8.173077,8.173077,6.730769,9.615385,9.615385,10.09615,10.09615,12.01923,11.05769,11.05769,10.57692,10.57692,8.333333,9.615384,9.455127333,9.615382333,9.615382333,1.282051,1,-0.160256667,0,0.160255,1,0,1